,2018-01,2018-02,2018-03,2018-04,2018-05,2018-06,2018-07,2018-08,2018-09,2018-10,2018-11,2018-12,2019-01,2019-02,2019-03,2019-04,2019-05,2019-06,2019-07,2019-08,2019-09,2019-10,2019-11,2019-12,2020-01,2020-02,2020-03,2020-04,2020-05,2020-06,2020-07,2020-08,2020-09,2020-10,2020-11,2020-12,2021-01,2021-02,2021-03,2021-04,2021-05,2021-06,2021-07,2021-08,2021-09,2021-10,2021-11,2021-12,2022-01,2022-02,2022-03,2022-04,2022-05,2022-06,2022-07,2022-08,2022-09,2022-10,2022-11,2022-12,2023-01,2023-02,2023-03,2023-04,2023-05,2023-06,2023-07,2023-08,2023-09,2023-10,2023-11,2023-12,2024-01,2024-02,2024-03,2024-04,2024-05,2024-06,2024-07,2024-08,2024-09,2024-10,2024-11,2024-12,2025-01,2025-02,2025-03,2025-04,2025-05,2025-06,2025-07,2025-08,2025-09,2025-10,2025-11,2025-12,2026-01,2026-02
1,Kodak Black,"Tyler, The Creator",KILLY,"Tyler, The Creator",Cardi B,Kanye West,"Tyler, The Creator",Travis Scott,Travis Scott,Travis Scott,Michael Bublé,Frank Ocean,Oh Wonder,Ariana Grande,Ariana Grande,XXXTENTACION,"Tyler, The Creator","Tyler, The Creator","Tyler, The Creator","Tyler, The Creator","Tyler, The Creator",Ariana Grande,Rex Orange County,Juice WRLD,COTIS,"Tyler, The Creator",Harry Styles,Mac Miller,Kanye West,"Tyler, The Creator","Tyler, The Creator",Kendrick Lamar,"Tyler, The Creator","Tyler, The Creator","Tyler, The Creator","Tyler, The Creator",Worrystone,Ariana Grande,SZA,SZA,SZA,"Tyler, The Creator",Doja Cat,Lorde,Lorde,Kevin Abstract,Taylor Swift,Taylor Swift,Taylor Swift,Taylor Swift,Taylor Swift,Taylor Swift,Taylor Swift,Lorde,Lorde,Taylor Swift,Taylor Swift,Taylor Swift,Taylor Swift,Taylor Swift,Taylor Swift,Taylor Swift,Taylor Swift,"Tyler, The Creator",Taylor Swift,Taylor Swift,Taylor Swift,boygenius,Olivia Rodrigo,Taylor Swift,Taylor Swift,Taylor Swift,Lucy Dacus,Lucy Dacus,The 1975,Taylor Swift,Taylor Swift,Taylor Swift,Taylor Swift,Orville Peck,Sabrina Carpenter,Gracie Abrams,"Tyler, The Creator","Tyler, The Creator",Ariana Grande,"Tyler, The Creator",Ariana Grande,Ariana Grande,Ariana Grande,Ethel Cain,Lorde,Lucy Dacus,Ryan Beatty,Taylor Swift,Ethel Cain,Ryan Beatty,Zach Bryan,Taylor Swift
2,"Tyler, The Creator",Kanye West,"Tyler, The Creator",KILLY,BROCKHAMPTON,Cardi B,Kanye West,COTIS,COTIS,Kanye West,Ariana Grande,21 Savage,Trippie Redd,Frank Ocean,BROCKHAMPTON,Khalid,Juice WRLD,Kid Cudi,Chance the Rapper,Chance the Rapper,Post Malone,"Tyler, The Creator",Christopher Jackson,COTIS,Rex Orange County,COTIS,Dominic Fike,Kanye West,Rex Orange County,Frank Ocean,Flo Milli,Tino Drima,Kendrick Lamar,Mac Miller,Mac Miller,Flo Milli,Doja Cat,"Tyler, The Creator",Doja Cat,Doja Cat,Rex Orange County,Mitski,Lorde,Doja Cat,"Tyler, The Creator",Lorde,"Tyler, The Creator","Tyler, The Creator","Tyler, The Creator","Tyler, The Creator","Tyler, The Creator",Lorde,Lorde,"Tyler, The Creator",Taylor Swift,Lorde,"Tyler, The Creator","Tyler, The Creator",Lana Del Rey,The 1975,Phoebe Bridgers,Phoebe Bridgers,Phoebe Bridgers,Taylor Swift,Phoebe Bridgers,"Tyler, The Creator",Ethel Cain,grentperez,boygenius,Olivia Rodrigo,boygenius,Lorde,Taylor Swift,boygenius,Taylor Swift,Noah Kahan,Chappell Roan,Gracie Abrams,Orville Peck,Zach Bryan,Taylor Swift,"Tyler, The Creator",Ariana Grande,Ariana Grande,"Tyler, The Creator",Ariana Grande,grentperez,grentperez,Lorde,Lorde,Ariana Grande,ROLE MODEL,Ethel Cain,Ryan Beatty,Taylor Swift,Ariana Grande,Taylor Swift,The 1975
3,Migos,Kali Uchis,Calvin Harris,Kendrick Lamar,Aminé,BROCKHAMPTON,BROCKHAMPTON,Juice WRLD,Kanye West,COTIS,Justin Bieber,Calvin Harris,Frank Ocean,Trippie Redd,Aminé,"Tyler, The Creator",Ariana Grande,Y2K,Fleetwood Mac,BROCKHAMPTON,Travis Scott,Rex Orange County,Post Malone,Frank Ocean,Dominic Fike,Harry Styles,Rex Orange County,Rex Orange County,Frank Ocean,Rex Orange County,Rex Orange County,Frank Ocean,Lorde,Kendrick Lamar,Miley Cyrus,Mac Miller,Mac Miller,Doja Cat,"Tyler, The Creator","Tyler, The Creator",Doja Cat,Doja Cat,"Tyler, The Creator",Mitski,ABBA,"Tyler, The Creator",Lorde,Lorde,Lorde,Lorde,Lorde,"Tyler, The Creator","Tyler, The Creator",Taylor Swift,"Tyler, The Creator",Lana Del Rey,Lorde,Lorde,"Tyler, The Creator",Lorde,Lana Del Rey,"Tyler, The Creator",SZA,The 1975,Lana Del Rey,Lana Del Rey,Lorde,Taylor Swift,Lorde,boygenius,Lorde,boygenius,boygenius,Lana Del Rey,Olivia Rodrigo,Olivia Rodrigo,Sabrina Carpenter,Chappell Roan,Gracie Abrams,Gracie Abrams,Gracie Abrams,Taylor Swift,Gracie Abrams,Taylor Swift,Sabrina Carpenter,Sabrina Carpenter,Lucy Dacus,Lorde,Kali Uchis,Addison Rae,Ethel Cain,Ethel Cain,ROLE MODEL,Ethel Cain,Cynthia Erivo,Cynthia Erivo,Sabrina Carpenter,Lana Del Rey
4,21 Savage,Khalid,Kodak Black,Calvin Harris,"Tyler, The Creator",Kendrick Lamar,KILLY,KIDS SEE GHOSTS,Juice WRLD,Kendrick Lamar,Mariah Carey,Kid Cudi,Lil Peep,Calvin Harris,"Tyler, The Creator",Travis Scott,BROCKHAMPTON,Ween,The All-American Rejects,Queen,Chance the Rapper,Post Malone,Frank Ocean,Post Malone,Surfaces,Dominic Fike,COTIS,"Tyler, The Creator","Tyler, The Creator",COTIS,Frank Ocean,"Tyler, The Creator",Tame Impala,Lorde,Kendrick Lamar,Lorde,Flo Milli,Taylor Swift,Mac Miller,Frank Ocean,"Tyler, The Creator",Lorde,Mitski,"Tyler, The Creator",Doja Cat,Taylor Swift,Phoebe Bridgers,Phoebe Bridgers,PinkPantheress,Doja Cat,Mac Miller,Doja Cat,Doja Cat,Harry Styles,Harry Styles,"Tyler, The Creator",Doja Cat,Olivia Rodrigo,Lorde,"Tyler, The Creator",Kacey Musgraves,Olivia Rodrigo,"Tyler, The Creator",Lana Del Rey,"Tyler, The Creator",The 1975,The 1975,Ethel Cain,Taylor Swift,Phoebe Bridgers,The 1975,Lucy Dacus,Phoebe Bridgers,Fiona Apple,Noah Kahan,boygenius,Olivia Rodrigo,Sabrina Carpenter,Chappell Roan,Sabrina Carpenter,Zach Bryan,Zach Bryan,Taylor Swift,Gracie Abrams,Clairo,Clairo,Sabrina Carpenter,Lucy Dacus,Taylor Swift,Ariana Grande,"Tyler, The Creator",Ryan Beatty,Addison Rae,ROLE MODEL,Ariana Grande,Taylor Swift,Ariana Grande,Phoebe Bridgers
5,XXXTENTACION,6LACK,Kanye West,BROCKHAMPTON,Kendrick Lamar,Aminé,Cardi B,Kanye West,"Tyler, The Creator",Juice WRLD,Cardi B,Post Malone,Lil Uzi Vert,Lil Peep,Cardi B,Kendrick Lamar,Aminé,Chance the Rapper,Y2K,Y2K,XXXTENTACION,Chance the Rapper,Corinne Bailey Rae,Travis Scott,Post Malone,Rex Orange County,24kGoldn,Travis Scott,Kendrick Lamar,Mac Miller,Mac Miller,Mac Miller,The Long Faces,COTIS,Tame Impala,Harry Styles,Harry Styles,Mac Miller,Kali Uchis,Paul Brandt,Frank Ocean,SZA,Taylor Swift,Taylor Swift,Phoebe Bridgers,Phoebe Bridgers,Kevin Abstract,Lana Del Rey,Kevin Abstract,Mitski,Doja Cat,Olivia Rodrigo,Olivia Rodrigo,Rex Orange County,Rex Orange County,Rex Orange County,Rex Orange County,Carly Rae Jepsen,Declan McKenna,SZA,"Tyler, The Creator",Lorde,Omar Apollo,boygenius,boygenius,Lorde,Olivia Rodrigo,Lorde,Phoebe Bridgers,Lana Del Rey,Olivia Rodrigo,Phoebe Bridgers,"Tyler, The Creator",Taylor Swift,Kacey Musgraves,Sabrina Carpenter,Noah Kahan,Noah Kahan,Noah Kahan,Fiona Apple,Lana Del Rey,Sabrina Carpenter,Frank Ocean,Sabrina Carpenter,Frank Ocean,Cynthia Erivo,Taylor Swift,beabadoobee,ROLE MODEL,Sheryl Crow,Addison Rae,Chappell Roan,Sabrina Carpenter,Sabrina Carpenter,Sabrina Carpenter,Sabrina Carpenter,Gracie Abrams,boygenius
6,MadeinTYO,Aminé,The Chainsmokers,Kali Uchis,Rex Orange County,"Tyler, The Creator",Aminé,Chance the Rapper,KIDS SEE GHOSTS,Lil Peep,Kanye West,Childish Gambino,benny blanco,Kendrick Lamar,Rex Orange County,Kanye West,Cardi B,BROCKHAMPTON,Ween,Fleetwood Mac,BROCKHAMPTON,Comethazine,Arizona Zervas,Calvin Harris,"Tyler, The Creator",KYLE,KYLE,Frank Ocean,Trippie Redd,Kendrick Lamar,Okean Elzi,Kanye West,Jaden,Miley Cyrus,The Long Faces,Doja Cat,John Lennon,SZA,Flo Milli,Taylor Swift,Dua Lipa,Rex Orange County,SZA,Flo Milli,Mitski,PinkPantheress,Mitski,PinkPantheress,Kali Uchis,Playboi Carti,Rex Orange County,Mitski,Harry Styles,Doja Cat,Lana Del Rey,Olivia Rodrigo,Lana Del Rey,Conan Gray,The 1975,Lana Del Rey,Lorde,Lana Del Rey,Lana Del Rey,Phoebe Bridgers,The 1975,Harry Styles,Lana Del Rey,Lana Del Rey,Lana Del Rey,"Tyler, The Creator",Mitski,Frank Ocean,Olivia Rodrigo,Kacey Musgraves,boygenius,The 1975,Zach Bryan,Zach Bryan,Sabrina Carpenter,Chappell Roan,Lucy Dacus,Lucy Dacus,Sabrina Carpenter,Charli xcx,Taylor Swift,Taylor Swift,Gracie Abrams,Sabrina Carpenter,Lucy Dacus,ROLE MODEL,ROLE MODEL,Audrey Hobert,Lorde,Ryan Harris,Lana Del Rey,Olivia Rodrigo,Conan Gray,Glee Cast
7,6LACK,21 Savage,Yung Gravy,XXXTENTACION,Kali Uchis,Bhad Bhabie,Post Malone,Tyga,Rae Sremmurd,Anderson .Paak,BROCKHAMPTON,Drake,Halsey,Childish Gambino,Kali Uchis,KILLY,Frank Ocean,bbno$,bbno$,The All-American Rejects,KILLY,Kid Cudi,Comethazine,Rex Orange County,The Weeknd,BROCKHAMPTON,Kali Uchis,Lil Xxel,Kali Uchis,Kanye West,Kendrick Lamar,Lorde,Tino Drima,Jaden,Tino Drima,Miley Cyrus,Childish Gambino,Flo Milli,Taylor Swift,Rex Orange County,Cardi B,Mac Miller,ABBA,SZA,Kali Uchis,Mitski,Lana Del Rey,Mitski,Doja Cat,Frank Ocean,Olivia Rodrigo,Frank Ocean,ABBA,Olivia Rodrigo,Phoebe Bridgers,Harry Styles,Olivia Rodrigo,Rex Orange County,Phoebe Bridgers,Declan McKenna,SZA,The 1975,Lorde,Kali Uchis,Lorde,Lucy Dacus,Phoebe Bridgers,"Tyler, The Creator",Kali Uchis,Mitski,Lana Del Rey,"Tyler, The Creator",Lana Del Rey,Lorde,Harry Styles,Lana Del Rey,Tim McGraw,Phoebe Bridgers,Lana Del Rey,Taylor Swift,Charli xcx,Frank Ocean,Chappell Roan,Clairo,SZA,Kendrick Lamar,Clairo,Clairo,grentperez,Andrea Bocelli,Sabrina Carpenter,Lorde,Ariana Grande,The 1975,"Tyler, The Creator",Wicked Movie Cast,Olivia Rodrigo,Ethel Cain
8,NAV,Migos,21 Savage,Yung Gravy,Rae Sremmurd,KILLY,Drake,Tiësto,Action Bronson,"Tyler, The Creator",What So Not,KYLE,Lil Yachty,benny blanco,Khalid,Juice WRLD,Rae Sremmurd,Frank Ocean,Kid Cudi,Kid Cudi,Anderson .Paak,Matt Simons,"Tyler, The Creator",Christopher Jackson,Harry Styles,The Weeknd,Noah Cyrus,KYLE,COTIS,Trippie Redd,Don Toliver,Girlpool,Paris Hilton,Tino Drima,Harry Styles,Kendrick Lamar,blackbear,Kendrick Lamar,Childish Gambino,Mac Miller,Bakar,Frank Ocean,Olivia Rodrigo,Olivia Rodrigo,SZA,Lana Del Rey,Doja Cat,Doja Cat,Mitski,SZA,Mitski,Kali Uchis,Avril Lavigne,Joji,Doja Cat,Doja Cat,Phoebe Bridgers,Phoebe Bridgers,Doja Cat,Phoebe Bridgers,PinkPantheress,Kacey Musgraves,The 1975,Lorde,Kali Uchis,Glee Cast,Nicki Minaj,Olivia Rodrigo,Lucy Dacus,Glee Cast,Ethel Cain,The 1975,The 1975,Phoebe Bridgers,Gracie Abrams,Zach Bryan,boygenius,Lana Del Rey,Olivia Rodrigo,Kacey Musgraves,Orville Peck,Lana Del Rey,Clairo,Frank Ocean,Cynthia Erivo,Gracie Abrams,beabadoobee,Addison Rae,Addison Rae,Sabrina Carpenter,Kali Uchis,boygenius,Chappell Roan,boygenius,Addison Rae,Chappell Roan,boygenius,Azealia Banks
9,Yung Gravy,Kodak Black,Drake,Rae Sremmurd,Jaden,Kali Uchis,Rex Orange County,A$AP Rocky,Kendrick Lamar,XXXTENTACION,Kehlani,Nappy Roots,Juice WRLD,Aminé,Jaden,BROCKHAMPTON,Childish Gambino,Trippie Redd,COTIS,Ween,Matt Simons,Action Bronson,Chance the Rapper,Kid Cudi,Likybo,Yung Gravy,BROCKHAMPTON,COTIS,Lil Xxel,Lil Yachty,Kanye West,KYLE,John Mayer,Harry Styles,COTIS,Tame Impala,"Tyler, The Creator",Kehlani,Travis Scott,Kendrick Lamar,Taylor Swift,WILLOW,Rex Orange County,Rex Orange County,Taylor Swift,ABBA,PinkPantheress,Britney Spears,SZA,Olivia Rodrigo,Frank Ocean,Kevin Abstract,Rex Orange County,COIN,ABBA,Phoebe Bridgers,Kevin Abstract,Harry Styles,SZA,Steve Lacy,The 1975,PinkPantheress,PinkPantheress,SZA,SZA,Frank Ocean,Lucy Dacus,Kali Uchis,"Tyler, The Creator",Lorde,Lucy Dacus,Paolo Nutini,Kali Uchis,Gracie Abrams,Lucy Dacus,Lucy Dacus,Phoebe Bridgers,Conan Gray,Lorde,Charli xcx,Chappell Roan,Olivia Rodrigo,Zach Bryan,beabadoobee,beabadoobee,Frank Ocean,SZA,SZA,Sabrina Carpenter,Kali Uchis,Kacey Musgraves,Phoebe Bridgers,Audrey Hobert,Clairo,Olivia Rodrigo,"Tyler, The Creator",Chappell Roan,"Tyler, The Creator"
10,Quinn XCII,Quinn XCII,Kali Uchis,The Chainsmokers,Famous Dex,Jaden,Zac Efron,Drake,Migos,Childish Gambino,José Feliciano,Michael Bublé,blackbear,Halsey,Marc E. Bassy,Kodak Black,Kid Cudi,Aminé,Tiny Meat Gang,Ariana Grande,Kanye West,KYLE,Lorde,Ariana Grande,Travis Scott,bbno$,Mac Miller,Kendrick Lamar,Lil Yachty,Travis Scott,The Long Faces,The Long Faces,Aerosmith,Tame Impala,John Mayer,blackbear,Megan Thee Stallion,Eminem,Kendrick Lamar,Kali Uchis,Lorde,Olivia Rodrigo,The Rolling Stones,Kali Uchis,Flo Milli,Doja Cat,Olivia Rodrigo,Playboi Carti,Olivia Rodrigo,Kevin Abstract,Nelly Furtado,Ariana Grande,The Smashing Pumpkins,The Smashing Pumpkins,Cigarettes After Sex,ABBA,SZA,The 1975,BROCKHAMPTON,Carly Simon,Declan McKenna,Ice Spice,Kacey Musgraves,Omar Apollo,Declan McKenna,SZA,"Tyler, The Creator",Lucy Dacus,Ethel Cain,Lucy Dacus,Phoebe Bridgers,Lana Del Rey,Lorde,Conan Gray,Phoebe Bridgers,Lorde,Harry Styles,Ariana Grande,Zach Bryan,Noah Kahan,Fiona Apple,Ariana Grande,Noah Kahan,Chappell Roan,Gracie Abrams,Chappell Roan,"Tyler, The Creator",ROLE MODEL,Audrey Hobert,Kacey Musgraves,grentperez,Clairo,boygenius,Addison Rae,Jeff Goldblum,Addison Rae,The 1975,Declan McKenna
11,Aminé,Nebu Kiniza,Aminé,Drake,Marc E. Bassy,J. Cole,Bhad Bhabie,Sheck Wes,KYLE,Rae Sremmurd,ODESZA,Action Bronson,Future,Lil Uzi Vert,Rae Sremmurd,Alina Baraz,J. Cole,Cardi B,Lil Nas X,Tiny Meat Gang,Juice WRLD,Queen,KILLY,Corinne Bailey Rae,Frank Ocean,MadeinTYO,Yung Gravy,Dominic Fike,Corinne Bailey Rae,Action Bronson,COTIS,Chance the Rapper,Peach Tree Rascals,Flo Milli,BROCKHAMPTON,Childish Gambino,BROCKHAMPTON,Megan Thee Stallion,Jaden,Dua Lipa,Harry Styles,Wallows,Flo Milli,Frank Ocean,Travis Scott,Kali Uchis,ABBA,Kevin Abstract,Frank Ocean,Phoebe Bridgers,Phoebe Bridgers,SZA,Frank Ocean,Mitski,Olivia Rodrigo,Nelly Furtado,The 1975,Kevin Abstract,Harry Styles,Azealia Banks,Azealia Banks,SZA,Doja Cat,Glee Cast,Doja Cat,Phoebe Bridgers,Glee Cast,Glee Cast,Ice Spice,Kali Uchis,Paolo Nutini,Ethel Cain,Mitski,Olivia Rodrigo,Iron & Wine,Kacey Musgraves,Gracie Abrams,boygenius,"Tyler, The Creator",Lana Del Rey,Clairo,Noah Kahan,Phoebe Bridgers,Lucy Dacus,Kendrick Lamar,beabadoobee,Malcolm Todd,"Tyler, The Creator",PinkPantheress,Mariah Carey,Sheryl Crow,Gracie Abrams,Gracie Abrams,Chappell Roan,Chappell Roan,Ethel Cain,Addison Rae,Kacey Musgraves
12,Rich Homie Quan,Harry Styles,6ix9ine,Migos,Migos,Childish Gambino,KYLE,Dennis Lloyd,Ed Sheeran,Shawn Mendes,Frank Sinatra,DRAM,BROCKHAMPTON,Post Malone,Kendrick Lamar,Lil Peep,Kendrick Lamar,Calvin Harris,Erik Satie,bbno$,Kid Cudi,Kali Uchis,Auli'i Cravalho,"Tyler, The Creator",KYLE,Surfaces,The Weeknd,Kali Uchis,Mura Masa,KYLE,Action Bronson,Rex Orange County,Oh Wonder,The Long Faces,Childish Gambino,Aerosmith,KIDS SEE GHOSTS,Jaden,Kanye West,Jaden,Chance the Rapper,Kali Uchis,Kali Uchis,The Rolling Stones,Kevin Abstract,SZA,SZA,Kali Uchis,Phoebe Bridgers,ABBA,PinkPantheress,Rex Orange County,COIN,SZA,Nelly Furtado,PinkPantheress,Nelly Furtado,Doja Cat,The Beatles,Doja Cat,Doja Cat,Declan McKenna,Declan McKenna,Rex Orange County,Big Red Machine,Doja Cat,Troye Sivan,Doja Cat,Nicki Minaj,Declan McKenna,Big Red Machine,Olivia Rodrigo,Sabrina Carpenter,Shania Twain,Lana Del Rey,Travis Scott,Kacey Musgraves,Olivia Rodrigo,Omar Apollo,Bruce Springsteen,Billy Joel,Clairo,beabadoobee,Lana Del Rey,Olivia Rodrigo,SZA,Olivia Rodrigo,Kali Uchis,Charli xcx,Gigi Perez,Lucy Dacus,Taylor Swift,Mariah Carey,Phoebe Bridgers,ROLE MODEL,Jeff Goldblum,Ethel Cain,Kali Uchis
13,Nebu Kiniza,Playboi Carti,Migos,Aminé,BANKS,KYLE,Kendrick Lamar,Pusha T,Alina Baraz,Kid Cudi,Aminé,Shaggy,Aminé,Drake,J. Cole,Aminé,21 Savage,Juice WRLD,Brendan Maclean,Lil Nas X,Queen,Auli'i Cravalho,Johann Pachelbel,KILLY,Corinne Bailey Rae,Post Malone,Alex Brightman,Comethazine,KYLE,Chance the Rapper,Trippie Redd,Oh Wonder,Rex Orange County,blackbear,blackbear,Tino Drima,Ariana Grande,The Long Faces,Don Toliver,Queen,Kali Uchis,Worrystone,Harry Styles,Mac Miller,Amy Winehouse,Mac Miller,Mac Miller,Mac Miller,Mac Miller,Rex Orange County,Kevin Abstract,Phoebe Bridgers,Mitski,ABBA,Kevin Abstract,Declan McKenna,Carrie Underwood,Nelly Furtado,Kevin Abstract,Olivia Rodrigo,Olivia Rodrigo,Ethel Cain,Keith Urban,Declan McKenna,Mitski,PinkPantheress,boygenius,Troye Sivan,Kacey Musgraves,Troye Sivan,"Tyler, The Creator",Mitski,Ethel Cain,Sabrina Carpenter,Little Big Town,Tim McGraw,Kendrick Lamar,Kacey Musgraves,Bruce Springsteen,Clairo,Addison Rae,Chappell Roan,Gigi Perez,Zach Bryan,Jonathan Bailey,Olivia Rodrigo,Frank Ocean,PinkPantheress,Cynthia Erivo,grentperez,Mariah Carey,"Tyler, The Creator","Tyler, The Creator",Ariana Grande,Gracie Abrams,Phoebe Bridgers,ROLE MODEL,Bad Bunny
14,Famous Dex,KILLY,6LACK,Kodak Black,Mura Masa,Rex Orange County,Rae Sremmurd,Lil Baby,KILLY,Action Bronson,Bobby Helms,Kendrick Lamar,Khalid,KYLE,KILLY,6LACK,Jaden,B.o.B,The Wild Conductor,Matt Simons,Kendrick Lamar,Migos,Queen,Arizona Zervas,MadeinTYO,Billie Eilish,Billie Eilish,Nebu Kiniza,Chance the Rapper,Beyoncé,The Beatles,Travis Scott,Mac Miller,Ariana Grande,Corinne Bailey Rae,Rex Orange County,Corinne Bailey Rae,Tino Drima,Ariana Grande,Chance the Rapper,Miley Cyrus,A$AP Rocky,Ariana Grande,ABBA,Harry Styles,Earl Sweatshirt,Rex Orange County,Olivia Rodrigo,Playboi Carti,Anderson .Paak,Kali Uchis,COIN,Hannah Montana,Phoebe Bridgers,Pharrell Williams,SZA,Mitski,Lana Del Rey,Kali Uchis,Keith Urban,Paul Simon,Steve Lacy,Olivia Rodrigo,The Chicks,Glee Cast,Ethel Cain,The Beatles,Carly Rae Jepsen,Troye Sivan,Ice Spice,1017 ALYX 9SM,Doja Cat,Clairo,Playboi Carti,Del Water Gap,Eric Church,Lana Del Rey,Lorde,The 1975,Ariana Grande,Kacey Musgraves,Phoebe Bridgers,Charli xcx,Kendrick Lamar,Lucy Dacus,Lana Del Rey,Rocco,Chappell Roan,Gracie Abrams,Lucy Dacus,Gracie Abrams,Addison Rae,Clairo,Lorde,Wicked Movie Cast,ROLE MODEL,Lucy Dacus,Avril Lavigne
15,Childish Gambino,A$AP Mob,XXXTENTACION,KYLE,KILLY,Khalid,Yung Gravy,Kero Kero Bonito,Kali Uchis,Paul Anka,Tony Bennett,Bruno Mars,Cardi B,Lil Yachty,Felly,The All-American Rejects,Nappy Roots,Lil Peep,Yann Tiersen,Anderson .Paak,bbno$,The All-American Rejects,BROCKHAMPTON,Chance the Rapper,KILLY,Kali Uchis,"Tyler, The Creator",BROCKHAMPTON,Jaden,Jaden,Beyoncé,John Mayer,Harry Styles,BROCKHAMPTON,Jaden,John Mayer,Sia,The Rolling Stones,blackbear,Paris Hilton,Juice WRLD,Kendrick Lamar,Worrystone,Wallows,Rex Orange County,Rex Orange County,Clairo,SZA,Childish Gambino,PinkPantheress,Jaden,ABBA,Lady Gaga,Sheryl Crow,Mitski,COIN,Harry Styles,Declan McKenna,Frank Ocean,Cigarettes After Sex,Miley Cyrus,Azealia Banks,Ethel Cain,Kacey Musgraves,PinkPantheress,Olivia Rodrigo,Frank Ocean,Nicki Minaj,Glee Cast,grentperez,Glee Cast,Manchester Orchestra,SZA,Frank Ocean,Lorde,Phoebe Bridgers,The 1975,Lucy Dacus,Frank Ocean,Billy Joel,Tate McRae,Charli xcx,Lorde,Doechii,Conan Gray,Tate McRae,Kendrick Lamar,Mac Miller,Lana Del Rey,Lana Del Rey,Lana Del Rey,Lana Del Rey,Lucy Dacus,Lucy Dacus,Ryan Beatty,Conan Gray,Ryan Beatty,SZA
16,Rob $tone,Logic,Rob $tone,Alina Baraz,Post Malone,Migos,Kali Uchis,Cardi B,Kid Cudi,KYLE,Rae Sremmurd,Marc E. Bassy,Travis Scott,Action Bronson,BANKS,Trippie Redd,Calvin Harris,KYLE,Michael Giacchino,COTIS,The All-American Rejects,Fleetwood Mac,The All-American Rejects,Childish Gambino,Arizona Zervas,Mac DeMarco,Surfaces,24kGoldn,Don Toliver,The Killers,Dominic Fike,Jaden,Kanye West,Paris Hilton,Paris Hilton,Peach Tree Rascals,Young the Giant,Childish Gambino,Earl Sweatshirt,Juice WRLD,Anderson .Paak,Maude Latour,Dua Lipa,Worrystone,Frank Ocean,The Seasons,Wallows,Crazy Frog,BROCKHAMPTON,BROCKHAMPTON,SZA,Dominic Fike,Phoebe Bridgers,Van Morrison,Sufjan Stevens,The 1975,Shania Twain,Clairo,Mitski,Carly Rae Jepsen,Manchester Orchestra,Frank Ocean,Ice Spice,Daniel Caesar,Frank Ocean,Kali Uchis,PinkPantheress,Shania Twain,Omar Apollo,Bruce Springsteen,Doja Cat,Mac Miller,Nicki Minaj,The 1975,T-Pain,Ariana Grande,Kid Cudi,The 1975,SZA,Harry Styles,Noah Kahan,Orville Peck,Olivia Rodrigo,Phoebe Bridgers,Lana Del Rey,Omar Apollo,Chappell Roan,Charli xcx,Mac Miller,Audrey Hobert,Gigi Perez,Kacey Musgraves,grentperez,Gracie Abrams,Kali Uchis,Gracie Abrams,Noah Kahan,The Chicks
17,2 Chainz,16yrold,Miley Cyrus,Action Bronson,KYLE,Rae Sremmurd,BANKS,"Tyler, The Creator",Shawn Mendes,Thomas Rhett,"Tyler, The Creator",Aminé,Blueface,Nappy Roots,KYLE,Nebu Kiniza,Khalid,Travis Scott,Roar,Zac Efron,Alina Baraz,Christopher Jackson,Matt Simons,Khalid,BROCKHAMPTON,Christopher Jackson,bbno$,B.o.B,Mac Miller,Corinne Bailey Rae,BROCKHAMPTON,Kali Uchis,Post Malone,John Lennon,Doja Cat,Oh Wonder,Kehlani,Frank Ocean,Frank Ocean,Flo Milli,Mac Miller,Flo Milli,Post Malone,Katy Perry,Kendrick Lamar,Frank Ocean,Hippo Campus,Frank Ocean,Flo Milli,Kali Uchis,Dominic Fike,The Psychedelic Furs,Britney Spears,Pharrell Williams,The Chicks,Frank Ocean,Declan McKenna,Carrie Underwood,PinkPantheress,The Chicks,Better Oblivion Community Center,Kevin Abstract,Frank Ocean,Ice Spice,Kevin Abstract,Ice Spice,Ice Spice,The 1975,Maisie Peters,Nicki Minaj,The Beatles,Kacey Musgraves,Carrie Underwood,Ethel Cain,Zach Bryan,Gracie Abrams,West 22nd,Shania Twain,Doja Cat,Frank Ocean,Phoebe Bridgers,Hozier,boygenius,Olivia Rodrigo,Chappell Roan,Wasia Project,Phoebe Bridgers,Lana Del Rey,SZA,Clairo,Lil Yachty,Sabrina Carpenter,Taylor Swift,The Japanese House,Jonathan Bailey,Frank Ocean,Fiona Apple,Ice Spice
18,A$AP Mob,Rae Sremmurd,NAV,Kid Cudi,Childish Gambino,Anderson .Paak,Anderson .Paak,Kali Uchis,Quinn XCII,Alina Baraz,Brenda Lee,J. Cole,J. Cole,Oh Wonder,Rob $tone,Cardi B,Post Malone,Action Bronson,Derek Pope,Cardi B,COTIS,Alex Brightman,Fleetwood Mac,Drake,Christopher Jackson,Mac Miller,MadeinTYO,Chance the Rapper,Surfaces,Dominic Fike,Playboi Carti,Peach Tree Rascals,Frank Ocean,Doja Cat,Flo Milli,Jaden,SZA,Aminé,Internet Money,Bakar,Ween,Ariana Grande,Kendrick Lamar,WILLOW,Mac Miller,Olivia Rodrigo,Declan McKenna,Earl Sweatshirt,Dominic Fike,Dominic Fike,Childish Gambino,Kanye West,Nelly Furtado,Avril Lavigne,SZA,Sleeping Sound,Clairo,COIN,ABBA,Joshua Bassett,Kevin Abstract,The Smiths,Kendrick Lamar,Azealia Banks,Kacey Musgraves,The Beatles,Big Red Machine,Paolo Nutini,Doja Cat,Ethel Cain,Nicki Minaj,Big Red Machine,Avril Lavigne,Thomas Rhett,Shania Twain,Harry Styles,Doja Cat,Chris Stapleton,boygenius,Phoebe Bridgers,Maisie Peters,Lorde,ROLE MODEL,Noah Kahan,Doechii,Jeff Buckley,marQ,Frank Ocean,Kacey Musgraves,Taylor Swift,Clairo,Kali Uchis,Kali Uchis,Conan Gray,Zach Bryan,SZA,Conor Cassidy,Paolo Nutini
19,Ayo & Teo,Yung Gravy,Nebu Kiniza,21 Savage,Rob $tone,Beyoncé,Khalid,Action Bronson,Tyga,Florida Georgia Line,Kendrick Lamar,Khalid,Childish Gambino,Kid Cudi,Bhad Bhabie,Rex Orange County,Rex Orange County,Nappy Roots,Serena Ryder,Bridgit Mendler,Fleetwood Mac,Anderson .Paak,Kid Cudi,Kendrick Lamar,Lorde,Corinne Bailey Rae,Killua the Pilgrim,Jaden,Post Malone,Kali Uchis,Post Malone,Dominic Fike,KYLE,Corinne Bailey Rae,Ariana Grande,COTIS,Joshua Bassett,Harry Styles,Lil Peep,Earl Sweatshirt,Queen,MARINA,Billie Eilish,blackbear,Olivia Rodrigo,Childish Gambino,Cage The Elephant,Dr. Dog,Clairo,Avril Lavigne,Avril Lavigne,PinkPantheress,Gwen Stefani,Cigarettes After Sex,Nitty Gritty Dirt Band,Jonas Brothers,Cigarettes After Sex,PinkPantheress,Steve Lacy,Miley Cyrus,Carrie Underwood,Doja Cat,Harry Styles,beabadoobee,Hampton The Hampster,Omar Apollo,KAYTRANADA,Julien Baker,SZA,The 1975,PinkPantheress,Declan McKenna,Big Red Machine,Travis Scott,Fiona Apple,SZA,Conan Gray,Billie Eilish,Phoebe Bridgers,Gigi Perez,Conan Gray,beabadoobee,Hozier,SZA,Ethel Cain,Conan Gray,Tate McRae,Kendrick Lamar,Frank Ocean,Zach Bryan,Charli xcx,Iron & Wine,Phoebe Bridgers,Audrey Hobert,The 1975,boygenius,Tim McGraw,Omar Apollo
20,Logic,NAV,Playboi Carti,Quinn XCII,Bhad Bhabie,Rob $tone,Rob $tone,BROCKHAMPTON,BROCKHAMPTON,Matthew Chaim,Zac Efron,Chiddy Bang,"Tyler, The Creator",Juice WRLD,Trippie Redd,Lil Yachty,KYLE,Rob $tone,Comethazine,Roy Blair,Tiny Meat Gang,COTIS,Anderson .Paak,Lorde,Chance the Rapper,Killua the Pilgrim,Lea Salonga,Corinne Bailey Rae,bbno$,Don Toliver,Hot Flash Heat Wave,Tame Impala,Flo Milli,Rex Orange County,Lorde,The Long Faces,Dominic Fike,Kanye West,Young the Giant,Aminé,The Weeknd,Allie X,Mac Miller,Cardi B,Childish Gambino,beabadoobee,Oasis,ABBA,ABBA,Mac Miller,Hannah Montana,Lana Del Rey,Playboi Carti,The Shacks,Joji,Sufjan Stevens,COIN,Disclosure,Clairo,PinkPantheress,Joshua Bassett,Kendrick Lamar,The Jacksons,The Smiths,Steve Lacy,boygenius,SZA,Billy Joel,Declan McKenna,Allison Keeley,Manchester Orchestra,Cigarettes After Sex,PinkPantheress,The Smiths,COIN,Hozier,SZA,Harry Styles,Nicki Minaj,Olivia Rodrigo,Frank Ocean,Billy Joel,Ethel Cain,Lorde,Phoebe Bridgers,Charli xcx,RC AVENUE,Gracie Abrams,Clairo,Cynthia Erivo,Vanessa Hudgens,Ariana Grande,Cynthia Erivo,Lana Del Rey,Fiona Apple,Audrey Hobert,Lana Del Rey,Rex Orange County
21,Action Bronson,XXXTENTACION,A$AP Mob,6LACK,6LACK,Famous Dex,Quinn XCII,KYLE,Dennis Lloyd,Quinn XCII,Jaden,Russ,Post Malone,blackbear,Migos,COTIS,Kali Uchis,KILLY,Shawn Mendes,Rex Orange County,Y2K,BROCKHAMPTON,bbno$,The Chainsmokers,Mac Miller,Chance the Rapper,Mac DeMarco,Trippie Redd,The Killers,Mura Masa,KYLE,Action Bronson,Christopher Jackson,Peach Tree Rascals,John Lennon,Ariana Grande,6ix9ine,Erik Satie,Baby Tate,Action Bronson,Kendrick Lamar,Cardi B,WILLOW,Natalie Imbruglia,Cardi B,Oasis,Her's,Cage The Elephant,The 1975,Kanye West,INXS,Avril Lavigne,Mac Miller,The All-American Rejects,COIN,Cigarettes After Sex,PinkPantheress,Shania Twain,Nelly Furtado,The Beatles,Sabrina Carpenter,The Beatles,The Beatles,Carly Simon,Azealia Banks,Mitski,Kali Uchis,The Chicks,Demi Lovato,Demi Lovato,SZA,MUNA,Troye Sivan,Tim McGraw,Declan McKenna,Dayglow,Hozier,Frank Ocean,Noah Cyrus,Creedence Clearwater Revival,Remy Bond,SZA,Fenne Lily,Iron & Wine,Wicked Movie Cast,Noah Kahan,Lil Yachty,Phoebe Bridgers,Jeff Buckley,Lil Yachty,PinkPantheress,Del Water Gap,Kacey Musgraves,Kali Uchis,boygenius,Lana Del Rey,SZA,The Beatles
22,Playboi Carti,MadeinTYO,Famous Dex,Famous Dex,J. Cole,Yung Gravy,Travis Scott,Alina Baraz,Drake,Migos,Marc E. Bassy,Justin Bieber,Rex Orange County,J. Cole,Lil Peep,benny blanco,Marc E. Bassy,XXXTENTACION,Lorde,Aminé,Ween,Quinn XCII,Ween,KYLE,Billie Eilish,Frank Ocean,Doja Cat,Lil Yachty,Dominic Fike,Oh Wonder,B.o.B,COTIS,Ariana Grande,Oh Wonder,Oh Wonder,Paris Hilton,Amy Winehouse,Baka Not Nice,Megan Thee Stallion,Ween,BROCKHAMPTON,Troye Sivan,Kanye West,Avril Lavigne,Playboi Carti,Better Oblivion Community Center,Frank Ocean,Current Joys,Car Seat Headrest,Harry Styles,The Psychedelic Furs,INXS,Michelle Branch,Ariana Grande,Kanye West,Colbie Caillat,Michelle Branch,SZA,Fintan,Mitski,Steve Lacy,Keith Urban,Beach House,The Japanese House,Jack Johnson,Rex Orange County,Paolo Nutini,Phoebe Bridgers,Kelly Clarkson,Frank Ocean,Oasis,Rex Orange County,The Beatles,Maddie & Tae,Keith Urban,The Hollies,Tommy Newport,Tim McGraw,The Rolling Stones,The Smiths,Doechii,Kendrick Lamar,Lana Del Rey,Jeff Buckley,Harry Styles,Steve Lacy,boygenius,Lil Yachty,Iron & Wine,Gracie Abrams,Mitski,West 22nd,Charli xcx,"Tyler, The Creator",Kacey Musgraves,Marissa Bode,PinkPantheress,PinkPantheress
23,Lil Xan,Rich Homie Quan,Cheat Codes,Kanye West,Travis Scott,BANKS,Juice WRLD,Quinn XCII,Chance the Rapper,blackbear,Rex Orange County,Mariah Carey,Kanye West,Blueface,MadeinTYO,Rae Sremmurd,Famous Dex,Kali Uchis,Labrinth,Jaden,Lil Nas X,Yung Gravy,COTIS,21 Savage,Kali Uchis,Arizona Zervas,Justin Bieber,Mura Masa,Social House,Surfaces,Tame Impala,Social House,COTIS,Calvin Harris,Frank Ocean,Dido,Jayrscottyy,Armand Amar,Juice WRLD,Harry Styles,A$AP Ferg,Saweetie,Cardi B,Chance the Rapper,Tino Drima,RITUAL,Hannah Montana,Clairo,Rex Orange County,Ariana Grande,Harry Styles,Nelly Furtado,Kali Uchis,Mac Miller,Hannah Montana,Elton John,Colbie Caillat,Mitski,Cocteau Twins,COIN,The Chicks,Kali Uchis,Rex Orange County,Keith Urban,Omar Apollo,Childish Gambino,grentperez,Bruce Springsteen,grentperez,PinkPantheress,Ice Spice,The Chicks,Frank Ocean,Tate McRae,The Hollies,Natasha Bedingfield,Lucy Dacus,Hozier,Nelly Furtado,Fleetwood Mac,boygenius,Addison Rae,Omar Apollo,Glee Cast,Noah Kahan,Wicked Movie Cast,Lady Gaga,Tate McRae,Kendrick Lamar,Bruce Springsteen,Mac Miller,Frank Ocean,SZA,Olivia Rodrigo,Iron & Wine,Kali Uchis,"Tyler, The Creator",Billy Joel
24,Harry Styles,JOYRYDE,ScHoolboy Q,6ix9ine,Yung Gravy,Travis Scott,Migos,Aminé,Cardi B,Kali Uchis,J. Cole,BROCKHAMPTON,KYLE,Future,Anderson .Paak,2 Chainz,KILLY,Bruno Mars,blackbear,Kevin Abstract,Yung Gravy,Kendrick Lamar,Y2K,DRAM,bbno$,Likybo,Culture Club,Surfaces,Travis Scott,BROCKHAMPTON,Arizona Zervas,Lil Yachty,Travis Scott,Aerosmith,Rex Orange County,Dreamer Isioma,Brent Faiyaz,Simon & Garfunkel,Trippie Redd,Lorde,Kanye West,Taylor Swift,Hannah Montana,Natasha Bedingfield,Katy Perry,Cardi B,The Vaccines,Declan McKenna,Chance the Rapper,Lana Del Rey,COIN,Flo Milli,Colbie Caillat,Kid Cudi,Better Oblivion Community Center,Mike WiLL Made-It,Hannah Montana,Ariana Grande,Mac Miller,Conan Gray,COIN,Shania Twain,The Smiths,PinkPantheress,ABBA,Nelly Furtado,Jack Johnson,KAYTRANADA,Frank Ocean,Maisie Peters,Kali Uchis,Megan Thee Stallion,The Sounds Of Garth Brooks,Big Red Machine,Sabrina Carpenter,The Chicks,The Vaccines,Fiona Apple,Ariana Grande,Hozier,Gigi Perez,boygenius,Jeff Buckley,Daniel Caesar,Wasia Project,Lorde,Kidsnot$aints.,Jeff Buckley,Chappell Roan,"Tyler, The Creator",Ravyn Lenae,PinkPantheress,beabadoobee,Tiny Habits,grentperez,Zara Larsson,Clairo,Frank Ocean
25,A Boogie Wit da Hoodie,Rob $tone,The Weeknd,Playboi Carti,MadeinTYO,Miley Cyrus,J. Cole,Migos,Sheck Wes,Ed Sheeran,BANKS,Frank Sinatra,Marc E. Bassy,Mura Masa,Huncho Jack,Marc E. Bassy,Migos,Bhad Bhabie,,KYLE,Kali Uchis,Alina Baraz,Tiny Meat Gang,Comethazine,Ariana Grande,Lorde,Likybo,bbno$,Miki Fiki,bbno$,Miki Fiki,Beyoncé,Lil Yachty,John Mayer,Action Bronson,KIDS SEE GHOSTS,Tino Drima,Playboi Carti,Betty Who,Miley Cyrus,Fleetwood Mac,Dua Lipa,Nicki Minaj,Nivea,The Long Faces,Harry Styles,Grimes,Selena Gomez & The Scene,Avril Lavigne,Megan Thee Stallion,Playboi Carti,Britney Spears,SZA,Nelly Furtado,Mac Miller,Hannah Montana,Bruce Cockburn,Spice Girls,Keith Urban,Kevin Abstract,Frank Ocean,Billy Joel,Avril Lavigne,Bruce Springsteen,The Beatles,ABBA,Mitski,1017 ALYX 9SM,Carly Rae Jepsen,1017 ALYX 9SM,Demi Lovato,Kelly Clarkson,Manchester Orchestra,Sufjan Stevens,Carrie Underwood,Iron & Wine,Declan McKenna,SZA,The Smiths,Labi Siffre,Ice Spice,Fleetwood Mac,Billy Joel,Valencia Grace,Jeff Buckley,Troye Sivan,Noah Kahan,Zach Bryan,Zach Bryan,Billy Joel,Audrey Hobert,Mariah Carey,Vanessa Hudgens,Mariah Carey,Clairo,Clairo,Zara Larsson,Steve Lacy
26,Drake,Drake,Rich Homie Quan,Mura Masa,The Chainsmokers,Huncho Jack,KIDS SEE GHOSTS,KILLY,Tiësto,KILLY,Travis Scott,Cardi B,Drake,Shaggy,Mura Masa,Anderson .Paak,MadeinTYO,Rex Orange County,,J. Cole,Kodak Black,Ween,Dwayne Johnson,Aminé,Action Bronson,KILLY,Matt Simons,Lil Nas X,Drake,Lil Xxel,Madison Beer,Dido,Okean Elzi,Frank Ocean,Kanye West,Worrystone,XXXTENTACION,John Mayer,Aminé,Kanye West,Megan Thee Stallion,Anderson .Paak,The Long Faces,Anayka She,KIDS SEE GHOSTS,The Mowgli's,Kali Uchis,Tame Impala,Kanye West,Childish Gambino,Mark Keali'i Ho'omalu,Car Seat Headrest,Miley Cyrus,Fleetwood Mac,The Weeknd,Ariana Grande,The Rolling Stones,Kali Uchis,Olivia Rodrigo,Hannah Montana,Charli xcx,Whitney Houston,The Chicks,Ethel Cain,Carly Simon,Kevin Abstract,Nelly Furtado,Rex Orange County,Rex Orange County,Carly Rae Jepsen,Bruce Springsteen,Nelly Furtado,Sixpence None The Richer,Sheryl Crow,Tim McGraw,Conan Gray,Eric Church,"Tyler, The Creator",Charli xcx,Pixies,Harry Styles,The 1975,Valencia Grace,ROLE MODEL,boygenius,Jonathan Bailey,Lana Del Rey,boygenius,Lil Yachty,Ravyn Lenae,SZA,Charli xcx,Sheryl Crow,Kevin Abstract,Lucy Dacus,The 1975,Frank Ocean,Miley Cyrus
27,Khalid,Famous Dex,Lil Yachty,Childish Gambino,Huncho Jack,Felly,Childish Gambino,Kendrick Lamar,A$AP Rocky,Harry Styles,Lil Peep,"Tyler, The Creator",Rae Sremmurd,Rae Sremmurd,Famous Dex,BANKS,Alina Baraz,Post Malone,,Miranda Cosgrove,Trippie Redd,KILLY,Lil Nas X,Shaggy,Alina Baraz,Juice WRLD,PARTYNEXTDOOR,Arizona Zervas,Ween,Post Malone,Corinne Bailey Rae,bbno$,Beyoncé,Kanye West,KYLE,BROCKHAMPTON,Jaden,21 Savage,Worrystone,A$AP Ferg,Kid Cudi,Big Sean,Rihanna,StarBoi3,The Seasons,Lil Nas X,Hinder,Masego,Lana Del Rey,Britney Spears,Ariana Grande,Gwen Stefani,BROCKHAMPTON,Kanye West,FKA twigs,The All-American Rejects,Natalie Imbruglia,The Seasons,Tame Impala,Lady Gaga,Sheryl Crow,Pink Floyd,Steve Lacy,Mitski,Olivia Rodrigo,Dominic Fike,Billy Joel,Carrie Underwood,Mitski,Big Red Machine,Playboi Carti,Hannah Montana,Paolo Nutini,Harry Styles,The Chicks,Tame Impala,The Chicks,Lady A,Kali Uchis,The Rolling Stones,Hozier,Maisie Peters,SZA,Omar Apollo,Madison Beer,Addison Rae,Lorde,Iron & Wine,"Tyler, The Creator",beabadoobee,Frank Ocean,Omar Apollo,Lana Del Rey,Kacey Musgraves,Tim McGraw,PinkPantheress,Orville Peck,Bruce Springsteen
28,16yrold,Yung Lean,2 Chainz,Nappy Roots,6ix9ine,6LACK,MadeinTYO,Matt Simons,Yung Lean,KIDS SEE GHOSTS,KYLE,José Feliciano,Calvin Harris,Marc E. Bassy,6LACK,Bhad Bhabie,BANKS,Khalid,,Migos,Lil Peep,Y2K,Calvin Harris,Action Bronson,Migos,Comethazine,Chance the Rapper,Joe Rogan,Beyoncé,Arizona Zervas,The Mamas & The Papas,The Killers,Corinne Bailey Rae,Childish Gambino,Dominic Fike,John Lennon,Kendrick Lamar,Pink Floyd,Donna Lewis,BROCKHAMPTON,Paris Hilton,Wale,Donna Lewis,Greer,Natasha Bedingfield,Hannah Montana,Briston Maroney,The Rolling Stones,Kendrick Lamar,Alicia Keys,Worrystone,Ziggy Alberts,The All-American Rejects,Radiohead,Ryan Beatty,Avril Lavigne,Playboi Carti,Pharrell Williams,Ariana Grande,Ariana Grande,Shania Twain,Omar Apollo,Justin Bieber,Kelly Clarkson,The National,Declan McKenna,Doja Cat,Keith Urban,Zoé,Paolo Nutini,Allison Keeley,SZA,Kevin Abstract,Mitski,Hozier,Doja Cat,Ariana Grande,PinkPantheress,Tim McGraw,Jungle,Ariana Grande,The Smiths,Johnny Cash,Gigi Perez,Gigi Perez,Mac Miller,Zach Bryan,Olivia Rodrigo,Gigi Perez,Charli xcx,The Smiths,Kevin Abstract,Lil Yachty,Zara Larsson,PinkPantheress,Ice Spice,Kacey Musgraves,Lucy Dacus
29,Rae Sremmurd,2 Chainz,Future,NAV,Miley Cyrus,MadeinTYO,COTIS,YG,Lil Baby,Niall Horan,Khalid,Tony Bennett,Kid Cudi,BROCKHAMPTON,Childish Gambino,Lil Uzi Vert,Shaggy,The All-American Rejects,,KILLY,Action Bronson,XXXTENTACION,Jemaine Clement,Nappy Roots,Mac DeMarco,The All-American Rejects,SAINt JHN,Debby Ryan,B.o.B,B.o.B,Surfaces,B.o.B,Kali Uchis,Post Malone,Chance the Rapper,Lady Gaga,Frank Ocean,Marvin Gaye,XXXTENTACION,Megan Thee Stallion,KILLY,Brent Faiyaz,Megan Thee Stallion,Nicki Minaj,The Mowgli's,Wallows,John Mayer,Wallows,The Weeknd,Kelly Clarkson,Clairo,Hannah Montana,Ariana Grande,Miley Cyrus,Playboi Carti,Mitski,Elton John,Colbie Caillat,Briston Maroney,Frank Ocean,Harry Styles,Kelly Clarkson,Paul McCartney,Tame Impala,Daniel Caesar,Mac Miller,1017 ALYX 9SM,PinkPantheress,Bruce Springsteen,Omar Apollo,Troye Sivan,Nicki Minaj,MUNA,"Tyler, The Creator",Clairo,"Tyler, The Creator",Ice Spice,Omar Apollo,Paul Simon,Simon & Garfunkel,Baby Keem,Mitski,Orville Peck,Fiona Apple,Glee Cast,Cashmere Cat,Conan Gray,Selena Gomez,Wicked Movie Cast,PinkPantheress,Iron & Wine,Wallows,Mac Miller,Sydney Ross Mitchell,Mariah Carey,Harry Styles,grentperez,Keith Urban
30,Post Malone,Skrillex,Harry Styles,Rob $tone,A$AP Ferg,Mura Masa,Marc E. Bassy,DJ Khaled,XXXTENTACION,Marshmello,Kali Uchis,Bobby Helms,BANKS,Chiddy Bang,Lil Uzi Vert,Jaden,6LACK,COTIS,,Rob $tone,Rex Orange County,Rae Sremmurd,Childish Gambino,Miley Cyrus,Sorrow,Fleetwood Mac,Au/Ra,Pahomm,Comethazine,24kGoldn,The Turtles,Lil Xxel,Devon Cole,Chance the Rapper,Peach Tree Rascals,Dominic Fike,Rex Orange County,Kousax,,Childish Gambino,COTIS,Dreamville,Allie X,Ween,Worrystone,Kanye West,Fitz and The Tantrums,Grimes,Natasha Bedingfield,Fleetwood Mac,Kanye West,Natasha Bedingfield,PinkPantheress,Frank Ocean,blink-182,Juice WRLD,Sufjan Stevens,Cage The Elephant,Wallows,Nitty Gritty Dirt Band,ABBA,Nelly Furtado,Kelly Clarkson,The Beatles,Shania Twain,The Chicks,Dominic Fike,Declan McKenna,PinkPantheress,SZA,Sheryl Crow,Steve Lacy,Glee Cast,Noah Kahan,Tommy Newport,Del Water Gap,Lorde,Charli xcx,Creedence Clearwater Revival,Cage The Elephant,Shania Twain,Fiona Apple,Declan McKenna,Addison Rae,Steve Lacy,Iron & Wine,Ravyn Lenae,Japanese Breakfast,Olivia Rodrigo,SZA,Cynthia Erivo,Searows,Rachel Chinouriri,Omar Apollo,Conan Gray,John Powell,Iron & Wine,Carly Rae Jepsen
31,Lil Pump,KYLE,Quinn XCII,Shaggy,Khalid,XXXTENTACION,Beyoncé,,Kero Kero Bonito,Felly,Migos,Rae Sremmurd,Migos,MadeinTYO,Travis Scott,Kali Uchis,Chiddy Bang,Rae Sremmurd,,,Aminé,Calvin Harris,Drake,Bruno Mars,Kendrick Lamar,Ween,Lil Nas X,,Future,Culture Club,A$AP Rocky,BROCKHAMPTON,BROCKHAMPTON,B.o.B,Playboi Carti,Corinne Bailey Rae,Calvin Harris,Young the Giant,,Alina Baraz,Nelly Furtado,Megan Thee Stallion,Tame Impala,Post Malone,Anderson .Paak,TV Girl,Avril Lavigne,Simon & Garfunkel,Kid Cudi,Post Malone,Radiohead,Miley Cyrus,Flo Milli,Kelly Clarkson,Shania Twain,Coldplay,Avril Lavigne,Frank Ocean,COIN,David Guetta,Kali Uchis,Beach House,Katy Perry,Frank Ocean,Carrie Underwood,BROCKHAMPTON,BROCKHAMPTON,Toby Keith,Billy Joel,Kevin Abstract,Nirvana,Bruce Springsteen,Nelly Furtado,Faith Hill,Sheryl Crow,Miranda Lambert,Keith Urban,Cigarettes After Sex,Shania Twain,SZA,PinkPantheress,Bruce Springsteen,Manchester Orchestra,City and Colour,Kali Uchis,Doechii,Jeff Buckley,Taylor Swift,Orville Peck,Mac Miller,Billy Joel,Malcolm Todd,Sydney Ross Mitchell,Noah Kahan,Frank Ocean,Kevin Abstract,Audrey Hobert,Ice Cube
32,Nappy Roots,NGHTMRE,JOYRYDE,DRAM,Calvin Harris,Post Malone,Playboi Carti,,Niall Horan,Zac Brown Band,Sheck Wes,BANKS,Jaden,Yung Gravy,A$AP Ferg,Mura Masa,Mura Masa,Chiddy Bang,,,KYLE,Lil Nas X,Action Bronson,J. Cole,Killua the Pilgrim,Matt Simons,Y2K,,BROCKHAMPTON,Nebu Kiniza,bbno$,The Beatles,KILLY,KYLE,Don Toliver,6ix9ine,Lil Peep,Yann Tiersen,,Nelly Furtado,Earl Sweatshirt,Baby Tate,Nivea,Gwen Stefani,boygenius,Nappy Roots,Peach Pit,Cardi B,Jaden,Chance the Rapper,The Vaccines,Khalid,Natasha Bedingfield,Michelle Branch,Grimes,Selena Gomez & The Scene,Dominic Fike,Jaden,Joe Walsh,Kelly Clarkson,Corb Lund,Paul McCartney,Shania Twain,Cigarettes After Sex,Harry Styles,Miley Cyrus,Clairo,Tim McGraw,Big Red Machine,Harry Styles,Frank Ocean,Wings,Sufjan Stevens,The Sounds Of Garth Brooks,Conan Gray,NEIL FRANCES,Iron & Wine,The Rolling Stones,Baby Keem,boygenius,Bruce Springsteen,Steve Lacy,Addison Rae,Orville Peck,Charli xcx,ROLE MODEL,Mac Miller,Malcolm Todd,Omar Apollo,Jeff Buckley,Kendrick Lamar,Kendrick Lamar,PinkPantheress,Gigi Perez,Noah Kahan,Britney Spears,Omar Apollo,Big Red Machine
33,KYLE,Future,Rae Sremmurd,Cheat Codes,Rich Homie Quan,Troy,Famous Dex,,Harry Styles,Sheck Wes,Troy,Brenda Lee,Rob $tone,"Tyler, The Creator",Belly,J. Cole,Russ,Fleetwood Mac,,,Cardi B,Tiny Meat Gang,Nappy Roots,Rae Sremmurd,Kid Cudi,Anderson .Paak,Shakira,,Nebu Kiniza,Comethazine,Arctic Monkeys,Trippie Redd,Lady Gaga,Kali Uchis,A$AP Rocky,Kesha,Ozuna,Paul McCartney,,Lil Peep,Corinne Bailey Rae,Bebe Rexha,John Mayer,Sara Bareilles,Kanye West,Travis Scott,The Mowgli's,Beach House,Jordin Sparks,Oasis,The Seasons,Jack Harlow,Dominic Fike,Colbie Caillat,Natasha Bedingfield,The Neighbourhood,Ariana Grande,Cigarettes After Sex,Bastille,Playboi Carti,Mac Miller,H.E.R.,Mitski,Kendrick Lamar,Cigarettes After Sex,Troye Sivan,Beyoncé,Ice Spice,Azealia Banks,Natalie Imbruglia,Billy Joel,Carrie Underwood,Miley Cyrus,Clairo,Pixies,Shania Twain,Pixies,Ethel Cain,Billy Joel,Lorde,Noah Cyrus,Omar Apollo,Baby Keem,Lauren Ash,Childish Gambino,Lucy Dacus,Ebony Loren,Baby Keem,Tate McRae,Noah Kahan,beabadoobee,grentperez,Gigi Perez,LAUNDRY DAY,Ice Spice,Iron & Wine,Cynthia Erivo,The National
34,Natasha Bedingfield,Tame Impala,16yrold,Miley Cyrus,Belly,Calvin Harris,XXXTENTACION,,Selena Gomez,Selena Gomez,Rob $tone,Rex Orange County,Kali Uchis,KILLY,Juice WRLD,Migos,Belly,Migos,,,Lil Uzi Vert,MadeinTYO,KYLE,Trippie Redd,Comethazine,Kid Cudi,Powfu,,24kGoldn,Ween,Odd Future,Mura Masa,Dominic Fike,Lil Xxel,Surfaces,Marcy Playground,Taylor Swift,Tame Impala,,KILLY,Jaden,Son Lux,KYLE,Ariana Grande,Nivea,Passenger,Jaden,The Vaccines,Masego,The Backseat Lovers,The Chicks,Grimes,Radiohead,Kevin Abstract,Avril Lavigne,Panic! At The Disco,Beach House,Dua Lipa,Fleetwood Mac,Kid Cudi,Dobie Gray,Dolly Parton,Miley Cyrus,The Bankes Brothers,Manchester Orchestra,Kacey Musgraves,Anderson .Paak,Daniel Caesar,Keith Urban,Billy Joel,BROCKHAMPTON,Nitty Gritty Dirt Band,Ice Spice,Cigarettes After Sex,beabadoobee,Wallows,Uncle Kracker,Kali Uchis,Kacey Musgraves,Tears For Fears,The Rolling Stones,Conan Gray,The Smiths,Conan Gray,Ravyn Lenae,Maisie Peters,Iron & Wine,Ravyn Lenae,boygenius,Hozier,Tate McRae,Doechii,Kevin Abstract,Garth Brooks Tribute,Audrey Hobert,Tim McGraw,The Smiths,The Smiths
35,Luis Fonsi,A Boogie Wit da Hoodie,BROCKHAMPTON,Nebu Kiniza,21 Savage,blackbear,6LACK,,Aminé,P!nk,Felly,Kali Uchis,Kendrick Lamar,COTIS,Halsey,Fleetwood Mac,Rob $tone,Drake,,,Joji,Aminé,Kendrick Lamar,Marc E. Bassy,Bombay Bicycle Club,Queen,Rod Wave,,Arizona Zervas,Social House,Still Woozy,Playboi Carti,Arizona Zervas,Don Toliver,Aerosmith,Gwen Stefani,John Mayer,Baby Tate,,Don Toliver,Aminé,DJ Khaled,Kevin Abstract,The Long Faces,Nicki Minaj,Strawberry Guy,Vacations,Avril Lavigne,Earl Sweatshirt,Action Bronson,Nicki Minaj,Megan Thee Stallion,Nitty Gritty Dirt Band,Soulja Boy,Declan McKenna,No Doubt,The Cat Empire,Whitney Houston,Djo,Disclosure,boygenius,Charli xcx,Kevin Abstract,Rihanna,Katy Perry,KAYTRANADA,Dua Lipa,Frank Ocean,Simon & Garfunkel,Megan Thee Stallion,Britney Spears,Kid Rock,Kelly Clarkson,SZA,Ethel Cain,Pixies,Travis Scott,Scott Joplin,Avril Lavigne,Elton John,The Smiths,Kacey Musgraves,The Marías,Wasia Project,Iron & Wine,Billy Joel,Gabriela Bee,Steve Lacy,Gabriela Bee,Frank Ocean,Chappell Roan,Noah Kahan,Quadeca,Chase Icon,Glee Cast,Glee Cast,Kali Uchis,Jack Johnson
36,Kid Cudi,Anderson .Paak,Khalid,Huncho Jack,Drake,Drake,Huncho Jack,,Pusha T,Chance the Rapper,COTIS,Migos,XXXTENTACION,DRAM,6ix9ine,Rob $tone,Rich Homie Quan,Jaden,,,Quinn XCII,Cardi B,Shaggy,The All-American Rejects,Crooked Colours,Y2K,,,Action Bronson,Future,Saint Motel,Arizona Zervas,A$AP Ferg,Social House,Kesha,,mxmtoon,P!nk,,Bhad Bhabie,Robert Ducos System,Childish Gambino,Frank Ocean,Paris Hilton,Better Oblivion Community Center,The Vaccines,Gwen Stefani,Oasis,Selena Gomez & The Scene,Lil Nas X,KIDS SEE GHOSTS,Playboi Carti,Dua Lipa,bbno$,Nicki Minaj,Mac Miller,Coldplay,almost monday,Flo Milli,Childish Gambino,The Beatles,Ice Cube,Childish Gambino,Charli xcx,Simon & Garfunkel,Paolo Nutini,Childish Gambino,The Beatles,Avril Lavigne,KAYTRANADA,grentperez,Sheryl Crow,Bruce Springsteen,Ryan Beatty,The Neighbourhood,Carly Rae Jepsen,Big Red Machine,Mitski,Conan Gray,Katy Perry,Daniel Caesar,Lady Gaga,The Last Dinner Party,Nelly Furtado,Lorde,Ravyn Lenae,Ethel Cain,The Smiths,Bruce Springsteen,Iron & Wine,Jeff Buckley,Weyes Blood,Mitski,Charli xcx,Omar Apollo,Hayley Williams,Wicked Movie Cast,Kelly Clarkson
37,BROCKHAMPTON,Lil Uzi Vert,MadeinTYO,Rich Homie Quan,Felly,Marc E. Bassy,Jaden,,BANKS,Tyga,KILLY,Rob $tone,Bhad Bhabie,Russ,blackbear,Frank Ocean,A$AP Ferg,Felly,,,mxmtoon,Speed Gang,Marc E. Bassy,Russ,Yung Gravy,David Bowie,,,Culture Club,Aminé,BLOXX,Don Toliver,Comethazine,Surfaces,Charlie,,Playboi Carti,Juice WRLD,,John Mayer,Mura Masa,Saba,blackbear,Beyoncé,Jaden,Adele,Flo Milli,Paris Hilton,Ariana Grande,Earl Sweatshirt,Kendrick Lamar,Kid Cudi,Lana Del Rey,Aminé,BROCKHAMPTON,FKA twigs,Kendrick Lamar,girl in red,The Weeknd,Spice Girls,The Psychedelic Furs,Disclosure,Wyclef Jean,ABBA,Ice Spice,Fergie,John Lennon,Miranda Lambert,Paul Simon,Azealia Banks,Aerosmith,Playboi Carti,BROCKHAMPTON,Kevin Abstract,Sugarland,Kali Uchis,Tame Impala,Still Woozy,PinkPantheress,The Last Dinner Party,The Last Dinner Party,PinkPantheress,Kendrick Lamar,Remy Bond,Maisie Peters,Shawn Mendes,Omar Apollo,Orville Peck,Billy Joel,James Taylor,Noah Kahan,Mac DeMarco,Tim McGraw,Maisie Peters,Maisie Peters,Kacey Musgraves,Maisie Peters,Dobie Gray
38,Madonna,Doctor P,Ayo & Teo,Matt Simons,Kanye West,Quinn XCII,Calvin Harris,,Rex Orange County,Tiësto,COIN,Felly,The Weeknd,Famous Dex,Frank Ocean,B.o.B,Mac Miller,Halsey,,,B.o.B,Cavetown,Aminé,Queen,Halsey,Simple Minds,,,Tino Drima,Lil Nas X,Briston Maroney,Estelle,Ween,Arizona Zervas,Current Joys,,,Travis Scott,,Ariana Grande,Anayka She,The Weeknd,Tion Wayne,Queen,WILLOW,The Weeknd,Simon & Garfunkel,The Beatles,The Backseat Lovers,Amy Winehouse,BROCKHAMPTON,LMFAO,Peach Pit,Norman Greenbaum,Childish Gambino,Nelly,almost monday,Spacey Jane,Cage The Elephant,Crazy Frog,Aminé,Carrie Underwood,The Bankes Brothers,Steve Lacy,Chance the Rapper,John Lennon,Hannah Montana,Harry Styles,The Beatles,Wings,KAYTRANADA,Ariana Grande,The Rolling Stones,Doja Cat,Travis Scott,Paramore,Sublime,Cage The Elephant,Simon & Garfunkel,Kelsea Ballerini,The 1975,Iron & Wine,Shawn Mendes,The 1975,ROLE MODEL,Phoebe Bridgers,Doechii,Billy Joel,Andrew Bird,Tears For Fears,The Rolling Stones,Jeff Buckley,Jeff Buckley,Zach Bryan,Phoebe Bridgers,¥$,Phoebe Bridgers,Manchester Orchestra
39,Frank Ocean,Childish Gambino,Lil Xan,Post Malone,Shawn Mendes,Kodak Black,Felly,,Bhad Bhabie,Lil Baby,Bhad Bhabie,KILLY,Shaggy,Bruno Mars,Rich Homie Quan,Halsey,Action Bronson,Childish Gambino,,,Blueface,Bhad Bhabie,Bruno Mars,Pink Sweat$,Soul Catalyst,Dragon,,,Aminé,,Ween,Post Malone,Baby Ruth,Dominic Fike,Ludwig Göransson,,,Don Toliver,,blackbear,Mitski,Regard,Joy Again,Kanye West,Aminé,Kendrick Lamar,The Strokes,The Backseat Lovers,Fleetwood Mac,LMFAO,Yung Gravy,Nappy Roots,LaBelle,Calvin Harris,Bruce Cockburn,Joji,The Pains Of Being Pure At Heart,Fintan,Peach Pit,Sabrina Carpenter,Nelly Furtado,Nicki Minaj,ABBA,Beyoncé,Keith Urban,Wallows,Soulja Boy,Steve Lacy,Julien Baker,Dominic Fike,Declan McKenna,Ice Spice,Paul McCartney,Dominic Fike,Miranda Lambert,Fleetwood Mac,The Hollies,Luke Combs,Fiona Apple,Madison Beer,Pixies,Harry Styles,The 1975,Megan Thee Stallion,Troye Sivan,Remy Bond,natalie jinju,Jesse Barrera,Benson Boone,Johnny Cash,Paolo Nutini,The Smiths,Tate McRae,PinkPantheress,The Smashing Pumpkins,Lucy Dacus,Shania Twain,Kendrick Lamar
40,Beyoncé,6ix9ine,Kendrick Lamar,Future,Anderson .Paak,6ix9ine,Dennis Lloyd,,Jaden,Drake,Action Bronson,Bhad Bhabie,DRAM,Huncho Jack,Yung Gravy,Huncho Jack,6ix9ine,Kanye West,,,Jaden,bbno$,Khalid,Billie Eilish,Trippie Redd,When In Rome,,,Requiem Inc.,,Travis Scott,Corinne Bailey Rae,24kGoldn,bbno$,,,,Amy Winehouse,,Travis Scott,Action Bronson,Lil Yachty,Wallows,Miguel,Deep Blue Something,GoldLink,Electric Light Orchestra,BADBADNOTGOOD,WILLOW,The Beatles,Miley Cyrus,Shaggy,The Psychedelic Furs,Nitty Gritty Dirt Band,Future,Shanice,BROCKHAMPTON,The Beatles,Carly Rae Jepsen,Nirvana,Kelly Clarkson,Harry Styles,beabadoobee,Olivia Rodrigo,Dominic Fike,Fleetwood Mac,Avril Lavigne,Faye Webster,Ice Cube,Kendrick Lamar,Paul McCartney,Shania Twain,Conan Gray,Carrie Underwood,Tate McRae,Big Red Machine,Jazzémon Ensemble,Manchester Orchestra,Mac Miller,Daniel Caesar,Iron & Wine,The Rolling Stones,Tate McRae,Lady Gaga,Doja Cat,Childish Gambino,Cynthia Erivo,Cynthia Erivo,Glee Cast,Paolo Nutini,Tears For Fears,Samia,Frank Ocean,Keni Titus,Sheryl Crow,Lady Gaga,Mariah Carey,Doja Cat
41,Kendrick Lamar,Gucci Mane,Childish Gambino,MadeinTYO,Ariana Grande,Action Bronson,Chance the Rapper,,Calum Scott,Khalid,Calvin Harris,Billie Eilish,KILLY,Khalid,Lil Yachty,Childish Gambino,Drake,BANKS,,,BANKS,Joji,Chiddy Bang,Lil Uzi Vert,Queen,Australian Crawl,,,Jungle,,Roy Ayers Ubiquity,Culture Club,Johann Pachelbel,24kGoldn,,,,Keshia Chanté,,Young the Giant,,Tinashe,Tino Drima,Deep Blue Something,Dua Lipa,Vacations,The Killers,Spacey Jane,The Seasons,Cardi B,Ziggy Alberts,Briston Maroney,Demi Lovato,Counting Crows,Thomston,The Wannadies,Action Bronson,The Cat Empire,The Greeting Committee,Mac Miller,Mitski,Avril Lavigne,H.E.R.,Big Red Machine,Miley Cyrus,Avril Lavigne,Tame Impala,Alan Jackson,Carly Simon,The Beatles,Sufjan Stevens,Kendrick Lamar,The All-American Rejects,Anderson .Paak,KAYTRANADA,Nelly Furtado,"Tyler, The Creator",Summer Salt,Cage The Elephant,Noah Cyrus,Tears For Fears,Playboi Carti,Paolo Nutini,Billy Joel,Baby Keem,Paolo Nutini,PinkPantheress,Rocco,Maisie Peters,Yo Gotti,Remy Bond,Conan Gray,Conan Gray,beabadoobee,Gigi Perez,The Goo Goo Dolls,Bruce Springsteen,Simon & Garfunkel
42,DRAM,Lil Xan,Joey Trap,Ayo & Teo,Quinn XCII,Jack Johnson,Tyga,,P!nk,A$AP Rocky,XXXTENTACION,Mac Miller,NAV,Travis Scott,Future,KYLE,Huncho Jack,Alina Baraz,,,Nebu Kiniza,Billie Eilish,Bing Crosby,Thomas Rhett,Future,Van Halen,,,Playboi Carti,,Lil Nas X,Okean Elzi,Aminé,Kesha,,,,13th Floor Elevators,,Anderson .Paak,,City Girls,Mac DeMarco,Kevin Abstract,The Rolling Stones,Flo Milli,The Rolling Stones,Hinder,Miley Cyrus,Wallows,ABBA,Mark Keali'i Ho'omalu,K'NAAN,Billy Joel,The All-American Rejects,Drake,Spacey Jane,Kanye West,Kanye West,Austin Farwell,Spice Girls,Carly Simon,Charli xcx,Djo,BROCKHAMPTON,Azealia Banks,Ariana Grande,Brad Paisley,Paolo Nutini,Kacey Musgraves,The Long Faces,Childish Gambino,1017 ALYX 9SM,The Chicks,Big Red Machine,The Red Clay Strays,Shania Twain,Kid Rock,Ice Spice,Paul Simon,Madison Beer,Tyler Childers,Cage The Elephant,Hozier,The Backseat Lovers,Doja Cat,Maisie Peters,Childish Gambino,Paolo Nutini,Doechii,Madison Beer,Rachel Chinouriri,Iron & Wine,Hayley Williams,Bruce Springsteen,Rex Orange County,Tame Impala,Katy Perry
43,Alicia Keys,Travis Scott,A Boogie Wit da Hoodie,2 Chainz,XXXTENTACION,A$AP Ferg,6ix9ine,,J. Cole,Kero Kero Bonito,Childish Gambino,,Jon Bellion,6ix9ine,Blueface,Lil Skies,DRAM,Shaggy,,,Bubzy Beats,pewdiepie,Russ,Anderson .Paak,Maverick Sabre,Joy Division,,,Lil Nas X,,Culture Club,24kGoldn,Cardi B,Lil Nas X,,,,blackbear,,Fleetwood Mac,,Ozuna,Don Toliver,Billie Eilish,Natalie Imbruglia,Beach House,The Backseat Lovers,Her's,Leon Bridges,Clairo,Natasha Bedingfield,Paris Hilton,Kelly Clarkson,Peach Pit,The Psychedelic Furs,Bruce Cockburn,Ashanti,Kelly Clarkson,Del Water Gap,Kali Uchis,Wallows,Miley Cyrus,COIN,Sheryl Crow,Avril Lavigne,Steve Lacy,Harry Styles,Plan B,Manchester Orchestra,Flo Milli,The National,Glee Cast,beabadoobee,Hozier,The Japanese House,Bleachers,MUNA,The Smiths,Rex Orange County,Ethel Cain,Kali Uchis,Noah Cyrus,Steve Miller Band,Maisie Peters,Fenne Lily,Carly Simon,Gigi Perez,Johnny Cash,They Might Be Giants (For Kids),Dusty Springfield,Andrea Bocelli,Zach Bryan,Alessi Rose,grentperez,Billy Joel,Carly Rae Jepsen,John Powell,Rihanna
44,One Direction,Lil Pump,Lil Pump,16yrold,Alina Baraz,Rich Homie Quan,Pusha T,,Marshmello,Zac Efron,Juice WRLD,,King Princess,Belly,YNW Melly,Felly,benny blanco,Valee,,,J. Cole,Jaden,Vince Guaraldi Trio,The Weeknd,Lane 8,Erik Satie,,,Lorde,,Chance the Rapper,Lil Nas X,Pop Smoke,Aminé,,,,,,Baby Tate,,Bleachers,Boots Randolph,THE ANXIETY,Vanessa Carlton,Grimes,BROCKHAMPTON,Big Red Machine,Machine Girl,Kid Cudi,Megan Thee Stallion,Cardi B,Kanye West,Mallrat,Carrie Underwood,Nitty Gritty Dirt Band,Alanis Morissette,Earl Sweatshirt,The Neighbourhood,Cocteau Twins,Cigarettes After Sex,The Chicks,Ice Cube,Doja Cat,Cocteau Twins,Bruce Springsteen,FKA twigs,Barenaked Ladies,Miley Cyrus,Doja Cat,Omar Apollo,Avril Lavigne,Carly Rae Jepsen,Britney Spears,The Sounds Of Garth Brooks,The Japanese House,Dayglow,Tyler Childers,Tate McRae,Baby Keem,Eric Church,Simon & Garfunkel,Lady Gaga,Kali Uchis,MF DOOM,Brent Faiyaz,Jesse Barrera,Fiona Apple,Bon Iver,Joni Mitchell,Nicki Minaj,Gigi Perez,Keni Titus,Sheryl Crow,Marissa Bode,Holly Humberstone,Ice Spice,Joshua Bassett
45,Minnie Riperton,Lil Yachty,Armand Amar,Chiddy Bang,Kid Cudi,21 Savage,A$AP Rocky,,Meek Mill,Pusha T,Shaggy,,Felly,6LACK,benny blanco,YNW Melly,Anderson .Paak,benny blanco,,,Charlie Heat,10k.Caash,Rachel House,Chiddy Bang,Justin Bieber,The Angels,,,Jay Squared,,Lime Cordiale,Odd Future,Jeremy Zucker,Dido,,,,,,Corinne Bailey Rae,,Maroon 5,Anayka She,Harry Styles,Owl City,Jaden,Ariana Grande,DMA'S,Scarlett Johansson,Tino Drima,Beyoncé,Bridgit Mendler,Childish Gambino,Kali Uchis,PinkPantheress,Miley Cyrus,Nicki Minaj,The Smashing Pumpkins,Gwen Stefani,Coldplay,Nappy Roots,Dijon,Colbie Caillat,Courtney Pine,Mac Miller,Kelly Clarkson,Nitty Gritty Dirt Band,Big Red Machine,Dave,Shania Twain,Briston Maroney,Marc E. Bassy,Doja Cat,The Seasons,Paolo Nutini,Sheryl Crow,Nelly Furtado,beabadoobee,ABBA,The Japanese House,Kelsea Ballerini,Ice Spice,Lucy Dacus,Isaiah Rashad,Tristan,Kali Uchis,Addison Rae,Fleetwood Mac,Yo Gotti,Ice Spice,Pixies,Vanessa Hudgens,Ravyn Lenae,Vanessa Hudgens,Britney Spears,MUNA,Jeff Goldblum,The Jacksons
46,Chiddy Bang,The Weeknd,Jonas Brothers,Lil Pump,Action Bronson,The Weeknd,Tiësto,,Marc E. Bassy,Louis Tomlinson,Emilie-Claire Barlow,,Pusha T,Anderson .Paak,Post Malone,A$AP Ferg,Bruno Mars,Lil Uzi Vert,,,Lil Yachty,Ayo & Teo,Bobby Helms,Matt Simons,XXXTENTACION,The Greg Kihn Band,,,Lime Cordiale,,Lorde,Ween,,Comethazine,,,,,,The Weeknd,,Disclosure,StarBoi3,Saweetie,Khalid,Nicki Minaj,Dua Lipa,Briston Maroney,Britney Spears,The Rolling Stones,Alicia Keys,Michelle Branch,bbno$,Nicki Minaj,Lady Gaga,Carly Rae Jepsen,Mac Miller,Briston Maroney,Paul McCartney,John Lennon,The Smiths,Fleetwood Mac,Kali Uchis,Nelly Furtado,Sufjan Stevens,beabadoobee,Fleetwood Mac,Jimmy Buffett,The Jacksons,Fergie,The Chicks,The All-American Rejects,Cocteau Twins,MUNA,Darius Rucker,Ethel Cain,Ethel Cain,Declan McKenna,Daniel Caesar,Bachman-Turner Overdrive,Lady Gaga,Tim McGraw,MGMT,Doja Cat,mxmtoon,Ice Spice,Steve Lacy,Hozier,Nina Simone,The Smiths,Maisie Peters,Josaleigh Pollett,Billie Marten,Johnny Cash,T-Pain,Noah Kahan,Hozier,1017 ALYX 9SM
47,KILLY,A$AP Ferg,Yung Lean,The Weeknd,JOYRYDE,The Chainsmokers,Lil Baby,,Khalid,Dennis Lloyd,blackbear,,KIDS SEE GHOSTS,A$AP Ferg,,The Killers,XXXTENTACION,Marc E. Bassy,,,blackbear,Lil Peep,Lin-Manuel Miranda,Yung Gravy,ATTLAS,Tiny Meat Gang,,,Plums,,Doja Cat,Lady Gaga,,Future,,,,,,Cardi B,,Cousin Stizz,Aminé,Dua Lipa,Avril Lavigne,boygenius,Current Joys,Hippo Campus,Hannah Montana,Coldplay,Lana Del Rey,Mac DeMarco,The Mowgli's,Warren Zevon,Kid Cudi,Playboi Carti,Whitney Houston,IDER,Colbie Caillat,Dominic Fike,Mac DeMarco,Joshua Bassett,Carly Simon,Ice Cube,Tino Drima,The Clash,Colbie Caillat,Amaarae,1017 ALYX 9SM,Oasis,Kendrick Lamar,Carly Rae Jepsen,Flo Milli,HAIM,Kenny Chesney,Manchester Orchestra,Kali Uchis,Clairo,Kid Cudi,Yo Gotti,Megan Thee Stallion,Paolo Nutini,Conan Gray,Jordan Davis,jasmine.4.t,The Smiths,Orville Peck,Ethel Cain,Tom Waits,Omar Apollo,The Last Dinner Party,Lil Yachty,Hayley Williams,Malcolm Todd,Dayglow,Sheryl Crow,Jeff Buckley,Zoé
48,Rebecca Black,Joey Trap,Matt Simons,Lil Xan,The Weeknd,Belly,A$AP Ferg,,Valee,Kodak Black,Anderson .Paak,,Quality Control,Rich Homie Quan,,Yung Gravy,Chance the Rapper,Mustard,,,6LACK,6ix9ine,,Ween,Ghostland Observatory,The Cure,,,SZA,,Plums,Aminé,,Ritt Momney,,,,,,Trippie Redd,,Anne-Marie,Remi Wolf,Rihanna,THE ANXIETY,Chance the Rapper,Colin Firth,Jenevieve,Bridgit Mendler,INXS,Mac DeMarco,Childish Gambino,Selena Gomez & The Scene,KIDS SEE GHOSTS,Jonas Brothers,Beach House,Ryan,The Wannadies,Joshua Bassett,Jonas Brothers,Fleetwood Mac,Spice Girls,Ariana Grande,Billy Joel,Whitney Houston,Big Red Machine,Zoé,Natalie Imbruglia,Charli xcx,H.E.R.,Keith Urban,Cocteau Twins,The Smiths,Kelly Clarkson,Zac Brown Band,Troye Sivan,Frank Ocean,Britney Spears,Katy Perry,Mac DeMarco,Tim McGraw,Rihanna,Tyler Childers,Tame Impala,Declan McKenna,Zach Bryan,MICHELLE,Wallows,Hozier,Madison Beer,Justin Bieber,Cage The Elephant,Malcolm Todd,Tate McRae,Eric Church,Bruce Springsteen,Del Water Gap,Paul Simon
49,ScHoolboy Q,ScHoolboy Q,N.E.R.D,Joey Trap,Ayo & Teo,Frank Ocean,Harry Styles,,Night Lovell,Lady Gaga,Bruno Mars,,Social House,Adele,,Mustard,Felly,Nebu Kiniza,,,Lil Dicky,Rob $tone,,Hozier,Felix Cartal,Noah Cyrus,,,The Long Faces,,Ruel,A$AP Rocky,,Mura Masa,,,,,,Olivia Rodrigo,,BROCKHAMPTON,Gwen Stefani,Boots Randolph,BROCKHAMPTON,Owl City,Dayglow,Leon Bridges,viko63,The Long Faces,Cage The Elephant,The Weeknd,The Beatles,Kendrick Lamar,Beach House,Warren Zevon,ABBA,Ashanti,The Killers,Rex Orange County,Lil Nas X,ABBA,Carly Rae Jepsen,Dominic Fike,The Smashing Pumpkins,Megan Thee Stallion,K'NAAN,Martina McBride,The Bankes Brothers,Alanis Morissette,Dominic Fike,Kevin Abstract,Tino Drima,Avril Lavigne,Ice Spice,COIN,Fiona Apple,Kid Cudi,Hozier,James Bay,Cage The Elephant,Britney Spears,Wasia Project,Fenne Lily,Searows,The Japanese House,Troy Javelona,Doechii,Steve Miller Band,Wilco,Omar Apollo,The Last Dinner Party,Carol Ades,The Smiths,Vanessa Hudgens,Jake Minch,Sheryl Crow,KAYTRANADA
50,Joey Trap,Kendrick Lamar,Mura Masa,Harry Styles,Harry Styles,Alina Baraz,Troy,,Kesha,DJ Snake,Chiddy Bang,,Action Bronson,,,blackbear,Yung Gravy,J. Cole,,,Bruno Major,iLOVEFRiDAY,,bbno$,Lewis Capaldi,Lil Nas X,,,Kota the Friend,,Oh Wonder,Comethazine,,Trippie Redd,,,,,,21 Savage,,Kid Cudi,THE ANXIETY,Aminé,Kid Cudi,Rancid Eddie,Tears For Fears,Meryl Streep,Dr. Dog,Adele,The Backseat Lovers,The Vaccines,The Backseat Lovers,Dominic Fike,Gwen Stefani,Wheatus,Childish Gambino,The Killers,Anderson .Paak,Marc E. Bassy,Sum 41,Simon & Garfunkel,aaron's book club,Michael Franti & Spearhead,The Backseat Lovers,Aerosmith,Omar Apollo,Zac Brown Band,Rihanna,Avril Lavigne,Joshua Bassett,Katelyn Tarver,Steve Lacy,Kali Uchis,Glee Cast,Mitski,Summer Salt,Eric Church,Steve Lacy,Eagles,Omar Apollo,Joshua Bassett,The Red Clay Strays,Tate McRae,Abby Powledge,Valencia Grace,Searows,Noah Kahan,Andy Shauf,Selena Gomez,Johnny Cash,Mac Miller,Ben Platt,SZA,Harry Styles,Garth Brooks Tribute,Harry Styles,Maisie Peters
